Source_Row_Index,ID,Selected_Cluster,Alternative_K3_Cluster
0,5524,0,2
1,2174,1,1
2,4141,0,0
3,6182,1,1
4,5324,0,0
5,7446,0,0
6,965,0,0
7,6177,1,1
8,4855,1,1
9,5899,1,1
10,1994,1,1
11,387,1,1
12,2125,0,2
13,8180,1,0
14,2569,1,1
15,2114,0,2
16,9736,1,1
17,4939,1,0
18,6565,0,0
19,2278,1,1
20,9360,1,1
21,5376,0,2
22,1993,0,0
23,4047,0,0
24,1409,1,0
25,7892,1,1
26,2404,1,0
27,5255,0,0
28,9422,1,1
29,1966,0,2
30,6864,1,1
31,3033,0,2
32,5710,1,0
33,7373,1,0
34,8755,0,2
35,10738,1,1
36,4339,0,0
37,10755,1,1
38,8595,1,1
39,2968,0,2
40,8601,0,2
41,503,1,1
42,8430,1,1
43,7281,0,2
44,2139,1,1
45,1371,0,2
46,9909,1,1
47,7286,1,1
48,7244,1,1
49,6566,0,0
50,8614,0,2
51,4114,0,2
52,1331,1,1
53,2225,0,2
54,9381,0,0
55,6260,0,2
56,10383,0,2
57,7437,1,1
58,8557,1,1
59,8375,0,0
60,6853,0,2
61,3076,0,0
62,1012,0,0
63,6518,0,0
64,4137,0,2
65,8082,1,1
66,1386,1,1
67,9369,0,2
68,4477,0,2
69,1357,0,0
70,1402,0,2
71,10629,1,1
72,6312,0,0
73,8132,0,0
74,1050,1,1
75,5846,1,1
76,1859,0,2
77,7503,0,2
78,10401,1,1
79,1618,0,0
80,3332,1,1
81,2261,1,1
82,5346,1,1
83,4119,0,2
84,535,0,2
85,5268,1,1
86,273,1,0
87,4452,1,0
88,8504,0,2
89,771,0,2
90,8996,1,0
91,9235,1,1
92,5798,0,2
93,11178,1,1
94,2230,1,1
95,7516,1,1
96,7247,0,0
97,11100,1,0
98,4646,0,2
99,3037,0,0
100,1473,1,0
101,1016,1,1
102,4518,0,0
103,9370,0,2
104,8908,0,2
105,8373,1,1
106,7533,1,0
107,2683,0,0
108,3629,1,1
109,10991,0,2
110,5077,0,2
111,7431,0,0
112,3267,0,0
113,999,0,2
114,9215,0,0
115,2286,1,0
116,1592,0,2
117,367,1,0
118,5234,1,1
119,9862,1,1
120,9805,0,0
121,6205,1,1
122,8442,1,1
123,7386,1,1
124,7215,0,2
125,1491,0,2
126,11071,0,2
127,3381,1,1
128,8268,0,0
129,11051,0,0
130,8026,0,0
131,433,1,0
132,9597,0,2
133,1295,0,2
134,5290,1,0
135,1685,0,2
136,5342,1,1
137,9579,1,0
138,7660,1,1
139,1461,1,1
140,821,0,2
141,11084,0,0
142,8690,0,2
143,2937,0,0
144,9701,1,1
145,9949,0,0
146,10837,1,1
147,3120,1,1
148,5885,1,0
149,4050,1,1
150,3830,0,0
151,7987,0,0
152,7798,1,0
153,92,1,1
154,7055,0,0
155,10240,0,0
156,3025,1,0
157,9283,1,1
158,9970,0,2
159,2730,0,2
160,2795,1,1
161,9260,0,0
162,8182,1,1
163,10095,0,2
164,8475,0,2
165,4370,1,1
166,10573,0,2
167,3712,0,0
168,6637,0,2
169,3152,1,1
170,5610,1,1
171,6460,1,1
172,1349,1,1
173,1880,1,0
174,641,1,1
175,8717,0,0
176,10314,0,2
177,10854,1,1
178,10492,1,1
179,6935,0,2
180,7698,1,0
181,3559,1,1
182,10562,0,2
183,10796,1,1
184,2563,1,1
185,3518,1,1
186,5823,1,1
187,3934,0,0
188,6982,0,2
189,6431,1,1
190,9733,1,1
191,5602,0,2
192,1324,1,1
193,326,1,0
194,7224,1,1
195,6999,0,2
196,9938,0,2
197,6422,0,2
198,3182,1,0
199,7300,0,0
200,10424,0,2
201,8727,0,0
202,2798,0,2
203,1030,1,1
204,624,1,1
205,5176,1,1
206,5552,1,0
207,868,1,1
208,380,0,0
209,2677,1,0
210,6521,0,2
211,6927,1,0
212,2877,1,0
213,0,0,2
214,1584,1,0
215,7264,1,1
216,6274,0,2
217,1377,1,0
218,454,0,0
219,1755,1,1
220,2075,0,2
221,4785,0,0
222,9076,1,0
223,7079,0,0
224,4653,1,0
225,7375,1,0
226,709,0,0
227,460,0,2
228,3726,1,1
229,6798,1,0
230,5341,0,0
231,1606,1,1
232,9617,1,1
233,3233,0,2
234,89,1,1
235,2936,1,1
236,9449,0,0
237,7297,1,1
238,313,0,2
239,9940,0,0
240,10735,1,1
241,9529,0,2
242,6439,0,0
243,7411,1,1
244,2176,0,0
245,9265,0,0
246,8867,0,2
247,8932,0,0
248,10236,1,1
249,6340,1,1
250,10089,0,2
251,2227,1,1
252,10992,0,0
253,5304,1,1
254,309,0,0
255,3406,0,0
256,2661,1,1
257,3153,1,1
258,10264,1,1
259,1184,0,0
260,4200,1,0
261,9396,1,1
262,2387,1,0
263,6690,1,0
264,1225,0,2
265,9703,1,0
266,291,0,2
267,4557,1,1
268,2379,0,2
269,5726,1,1
270,3066,0,0
271,6336,1,1
272,10967,1,1
273,2304,0,0
274,3445,0,2
275,7828,0,2
276,3762,0,2
277,4391,0,0
278,4669,1,1
279,10144,1,0
280,8652,1,0
281,1672,0,2
282,8962,1,1
283,9974,1,1
284,10983,0,2
285,8148,0,0
286,10102,0,2
287,4697,1,0
288,9262,1,1
289,7254,1,1
290,4543,0,2
291,4927,1,1
292,10451,1,1
293,2926,0,0
294,2874,1,1
295,9738,1,1
296,7119,0,2
297,3924,0,0
298,5827,1,0
299,5596,0,0
300,10812,1,1
301,1717,1,1
302,9491,1,1
303,9274,0,2
304,6609,1,1
305,6963,0,2
306,4440,0,0
307,1379,0,0
308,10032,1,1
309,2826,1,1
310,2437,0,2
311,6320,0,2
312,3050,1,0
313,231,1,1
314,2392,1,1
315,9478,0,2
316,113,1,1
317,2863,0,0
318,1802,0,0
319,520,1,1
320,8275,1,1
321,9750,0,0
322,2607,0,0
323,7214,0,2
324,5835,1,1
325,3896,1,1
326,10350,1,1
327,7786,1,1
328,2861,1,1
329,663,1,1
330,10675,0,0
331,2521,1,1
332,9592,1,1
333,10151,0,2
334,7381,0,0
335,4099,1,1
336,9560,0,2
337,10172,0,2
338,11191,1,1
339,9707,0,0
340,6245,0,0
341,8234,1,1
342,1411,0,2
343,8553,1,1
344,1826,0,2
345,8842,1,1
346,11030,1,1
347,2579,0,0
348,175,0,0
349,9185,0,2
350,11056,0,2
351,9365,0,0
352,6201,1,1
353,2061,1,0
354,6184,0,2
355,6142,0,2
356,4107,0,0
357,7274,0,2
358,9336,0,0
359,2958,1,1
360,933,1,1
361,5837,1,0
362,10704,0,0
363,5125,0,2
364,4432,1,1
365,5955,0,2
366,2928,0,0
367,5680,1,1
368,10313,1,0
369,2557,1,1
370,1245,0,0
371,1519,1,1
372,10703,1,0
373,1726,1,1
374,4459,1,1
375,1729,0,0
376,1517,1,1
377,2098,1,1
378,9543,1,1
379,6878,1,1
380,3310,1,0
381,2724,1,1
382,948,1,1
383,6720,0,0
384,6202,0,0
385,2066,1,0
386,9799,0,0
387,8318,0,2
388,5642,0,0
389,2669,0,2
390,455,0,0
391,7683,0,0
392,3428,0,2
393,7414,1,0
394,6354,1,1
395,798,1,1
396,8213,1,1
397,2488,1,1
398,9999,0,0
399,7617,1,1
400,615,1,1
401,2552,1,0
402,194,1,1
403,3645,1,1
404,8890,1,0
405,5049,1,1
406,9973,1,0
407,7301,1,1
408,10882,0,0
409,7030,0,0
410,7422,1,0
411,3523,0,2
412,7106,0,2
413,6504,1,1
414,5067,0,2
415,4216,0,2
416,8581,1,0
417,5929,1,1
418,3129,1,1
419,6528,1,1
420,1361,0,2
421,6932,0,2
422,7284,1,1
423,1340,0,2
424,8746,0,2
425,5987,1,1
426,3767,0,2
427,3725,0,2
428,4324,1,0
429,238,0,0
430,6694,0,2
431,498,1,1
432,9347,1,1
433,9699,0,0
434,10664,1,0
435,5455,1,0
436,456,1,1
437,5012,1,1
438,7495,0,0
439,5029,1,1
440,10642,1,1
441,2106,1,1
442,10364,1,1
443,5954,1,1
444,1137,0,2
445,2541,1,1
446,1142,0,0
447,2276,0,2
448,2807,0,0
449,6471,1,1
450,6131,0,0
451,6233,0,0
452,4148,1,0
453,4947,0,2
454,3225,1,0
455,7540,0,2
456,10648,0,2
457,1992,0,0
458,7851,0,2
459,8594,1,0
460,7059,0,2
461,2815,1,1
462,2416,0,2
463,7999,0,2
464,9213,1,1
465,9697,0,0
466,3916,0,0
467,2021,0,2
468,1581,1,1
469,564,0,0
470,6619,1,1
471,9081,1,1
472,178,0,0
473,916,1,1
474,5512,0,0
475,8970,0,0
476,10581,1,0
477,5300,1,1
478,5154,1,1
479,8346,1,0
480,1676,1,0
481,9286,0,2
482,2426,0,2
483,5172,0,0
484,5562,0,0
485,3436,1,1
486,3921,1,1
487,3403,0,2
488,22,1,0
489,10965,0,2
490,9426,0,0
491,6605,0,0
492,3136,0,0
493,8737,1,1
494,11088,0,2
495,716,0,2
496,466,0,2
497,9135,1,1
498,10623,1,1
499,8151,1,1
500,5140,0,0
501,10160,1,1
502,4945,0,0
503,10584,0,2
504,6071,0,2
505,3386,1,1
506,8939,0,0
507,9925,1,0
508,4320,0,2
509,5389,1,0
510,6036,0,2
511,182,1,0
512,203,0,2
513,11025,1,0
514,10203,1,1
515,4607,0,2
516,3711,0,2
517,3696,1,1
518,2532,0,2
519,9214,1,1
520,4943,0,2
521,35,1,1
522,2258,1,1
523,4322,0,2
524,713,0,2
525,4702,0,2
526,3281,1,0
527,702,0,0
528,2004,0,2
529,4769,1,0
530,4437,0,0
531,8724,1,1
532,10741,1,0
533,1991,1,0
534,6931,0,2
535,11096,0,0
536,304,1,1
537,3665,1,1
538,10591,1,1
539,5036,0,0
540,5547,0,2
541,7822,0,2
542,8541,1,1
543,10955,0,2
544,4368,1,1
545,9671,1,1
546,2256,1,1
547,4279,1,1
548,5371,1,1
549,9240,0,0
550,9460,1,1
551,9504,0,2
552,8692,1,0
553,448,0,0
554,8314,0,2
555,8420,1,1
556,3174,0,2
557,7685,1,1
558,3179,0,2
559,9780,0,0
560,10681,0,0
561,10232,0,0
562,4184,0,0
563,9120,0,0
564,891,1,1
565,10381,1,1
566,3525,1,1
567,6818,1,0
568,3526,1,1
569,8181,1,1
570,1029,0,0
571,7369,1,1
572,2574,0,0
573,8159,1,0
574,1160,1,1
575,10242,1,1
576,5253,1,0
577,5966,1,0
578,5314,1,0
579,5081,1,1
580,5123,1,1
581,5756,1,1
582,8036,1,1
583,9058,0,2
584,5057,0,2
585,254,0,0
586,4179,1,1
587,3710,1,1
588,7627,0,2
589,4501,0,2
590,6424,1,1
591,3075,0,2
592,4992,1,1
593,5252,1,1
594,7444,1,1
595,6919,1,1
596,3537,1,1
597,10277,1,1
598,2453,0,0
599,7972,0,2
600,895,0,0
601,1177,1,0
602,7141,1,1
603,7232,1,1
604,8477,1,1
605,2457,1,1
606,988,0,2
607,7930,1,1
608,4587,0,2
609,6682,1,1
610,6222,1,1
611,10299,0,0
612,3083,1,0
613,8953,1,1
614,1503,1,1
615,8650,1,1
616,10862,0,0
617,2782,0,0
618,6941,1,1
619,10972,0,2
620,10708,1,1
621,6583,0,2
622,3641,1,1
623,10156,0,2
624,4299,0,0
625,3469,1,1
626,5063,1,1
627,10727,0,0
628,9624,0,2
629,5156,0,0
630,4376,1,1
631,8923,0,2
632,8461,1,1
633,6945,0,2
634,944,0,0
635,1907,0,0
636,701,0,0
637,3856,0,0
638,4149,0,2
639,2131,0,0
640,2942,0,0
641,1173,0,2
642,4381,1,0
643,4611,0,2
644,3376,0,1
645,4679,0,0
646,10928,0,0
647,4248,0,2
648,6728,1,1
649,6661,0,0
650,4725,0,2
651,3277,1,0
652,5555,1,1
653,2564,1,0
654,946,1,1
655,3867,0,2
656,6940,1,0
657,55,0,0
658,7093,1,1
659,5084,0,2
660,1777,1,1
661,8162,1,1
662,10826,1,1
663,8754,1,1
664,1987,1,1
665,11007,1,1
666,7426,1,0
667,9153,0,2
668,10379,0,0
669,9204,0,0
670,3197,0,0
671,2920,0,0
672,6961,1,1
673,4673,0,0
674,9937,0,2
675,8779,1,1
676,9596,0,2
677,2891,0,0
678,4910,0,0
679,75,1,1
680,10120,1,0
681,6327,0,2
682,10142,0,0
683,9826,0,2
684,1501,0,2
685,10767,0,2
686,7279,0,2
687,7230,0,0
688,143,0,2
689,450,0,2
690,9316,1,1
691,6379,1,0
692,9239,1,0
693,8315,1,1
694,2868,1,1
695,10888,0,0
696,1277,0,2
697,9977,0,0
698,10196,0,0
699,6384,0,0
700,8029,0,2
701,968,1,0
702,6988,0,0
703,4472,1,1
704,6991,0,0
705,3336,0,0
706,4301,1,1
707,1940,1,1
708,1272,0,0
709,1388,1,1
710,1044,0,2
711,6969,1,0
712,10479,0,2
713,3619,0,2
714,1715,1,1
715,10159,0,0
716,1463,1,1
717,5114,0,0
718,4990,0,0
719,4329,1,1
720,10936,0,2
721,4692,1,1
722,7212,1,1
723,6086,0,2
724,437,0,2
725,11171,1,0
726,11101,0,2
727,5329,1,1
728,610,1,0
729,9384,0,0
730,5956,1,0
731,10430,0,0
732,7875,0,2
733,7072,0,0
734,6255,0,2
735,6516,1,1
736,5564,0,2
737,5682,0,0
738,7458,1,1
739,5237,1,1
740,7761,1,1
741,5278,0,2
742,3560,0,2
743,7235,1,1
744,10548,0,2
745,2281,1,1
746,4073,0,2
747,6974,0,2
748,7938,0,0
749,7094,0,2
750,3667,0,2
751,7723,0,2
752,3870,0,2
753,4012,0,0
754,5909,0,0
755,10470,1,1
756,6488,1,0
757,10270,1,1
758,6887,0,0
759,6406,0,2
760,7573,1,1
761,4508,0,2
762,221,1,0
763,5331,0,2
764,1911,0,2
765,20,1,1
766,8786,0,0
767,10582,0,2
768,1915,0,2
769,8897,1,0
770,2371,1,1
771,4303,1,1
772,6825,1,1
773,1072,1,0
774,4964,0,2
775,2461,1,1
776,10736,0,2
777,3194,0,2
778,10839,1,1
779,49,1,1
780,4290,1,1
781,10219,1,1
782,4211,1,1
783,1135,1,1
784,6299,0,0
785,10846,1,0
786,347,1,0
787,6543,0,2
788,10446,0,2
789,3479,1,1
790,11075,0,0
791,4442,1,1
792,199,0,0
793,6722,0,0
794,796,0,0
795,3749,0,2
796,8523,1,1
797,310,0,0
798,8629,1,1
799,236,1,1
800,9930,0,2
801,3483,0,0
802,4599,1,0
803,7326,1,1
804,7352,0,2
805,2350,0,0
806,9145,0,2
807,2964,1,1
808,5585,1,1
809,9687,0,2
810,3732,0,0
811,6303,0,2
812,11176,0,0
813,2986,1,1
814,7462,1,0
815,3900,0,0
816,7034,1,1
817,9493,0,2
818,1143,1,1
819,1,0,0
820,3855,1,1
821,5536,0,2
822,5989,0,0
823,9499,0,0
824,6768,1,1
825,2150,0,2
826,6646,1,1
827,4887,1,1
828,8560,0,2
829,3321,0,0
830,11003,1,1
831,10402,1,1
832,9904,0,0
833,6141,1,0
834,5687,0,2
835,10856,1,1
836,5121,0,0
837,4186,1,1
838,368,1,0
839,3312,1,1
840,11121,1,1
841,5332,0,2
842,5848,0,2
843,10343,0,2
844,5935,0,0
845,2895,1,0
846,10262,1,1
847,7848,0,0
848,9477,0,0
849,4856,0,2
850,7186,1,1
851,5794,1,0
852,1456,0,0
853,4877,1,1
854,425,0,0
855,3007,1,1
856,1031,0,2
857,4297,1,1
858,807,1,0
859,9553,1,1
860,4271,1,0
861,4120,1,0
862,2036,0,0
863,115,0,0
864,4259,1,1
865,8687,0,2
866,2447,1,1
867,10140,0,2
868,9353,0,2
869,3623,1,1
870,738,1,1
871,7631,0,2
872,4789,0,2
873,773,0,0
874,10602,1,1
875,1446,0,2
876,3270,1,1
877,8443,1,1
878,9653,1,1
879,8916,1,1
880,8017,1,1
881,5830,0,2
882,4597,0,2
883,7023,1,0
884,8086,1,0
885,8825,1,0
886,2930,0,2
887,1928,1,1
888,7108,1,0
889,10925,0,2
890,9960,1,1
891,8800,0,2
892,9224,0,0
893,5519,0,2
894,5046,0,0
895,7037,1,0
896,905,1,1
897,8624,0,2
898,8945,1,0
899,6445,0,2
900,2727,0,2
901,6404,1,0
902,11074,0,2
903,10150,0,2
904,1968,1,1
905,6534,1,1
906,9485,0,1
907,7053,0,2
908,4654,0,2
909,9760,0,0
910,1048,1,1
911,10619,0,2
912,9308,0,2
913,10505,0,2
914,8362,0,2
915,2625,0,0
916,4637,0,2
917,9972,1,1
918,4483,0,2
919,4487,1,1
920,4988,1,1
921,8931,0,2
922,5871,1,1
923,2008,0,2
924,3139,0,2
925,10037,0,2
926,10673,0,2
927,5303,0,2
928,538,1,1
929,7922,0,0
930,5692,1,1
931,4843,0,2
932,6383,1,1
933,1628,0,2
934,1204,0,0
935,3673,0,0
936,760,0,0
937,8957,0,0
938,4128,0,0
939,6810,0,2
940,5386,0,2
941,8700,1,1
942,3202,0,0
943,1328,0,2
944,8405,0,0
945,6515,1,1
946,2882,0,0
947,7574,1,1
948,6387,1,1
949,5320,1,0
950,5048,1,1
951,8146,1,1
952,10031,1,1
953,5748,0,0
954,2134,0,0
955,1523,1,1
956,9665,0,0
957,4640,0,2
958,3635,0,0
959,3547,1,1
960,2456,1,0
961,5633,1,1
962,7801,0,0
963,10489,0,2
964,7011,1,1
965,2620,1,1
966,3933,1,0
967,10981,0,2
968,1734,1,0
969,10995,1,1
970,6357,0,0
971,9209,0,2
972,10286,0,2
973,2611,0,2
974,1600,1,0
975,3308,1,1
976,5407,0,0
977,2166,1,1
978,3955,1,1
979,6634,1,1
980,3056,0,0
981,5718,0,2
982,6872,0,0
983,8164,0,2
984,4580,0,2
985,9305,0,2
986,453,1,1
987,8545,0,2
988,9850,1,1
989,7378,1,0
990,7646,0,2
991,1640,1,1
992,5184,1,1
993,8492,0,2
994,11188,1,1
995,1212,0,0
996,9097,0,0
997,10473,0,2
998,7962,0,2
999,9984,0,0
1000,5527,1,1
1001,6374,1,0
1002,7453,0,0
1003,8952,0,2
1004,241,0,2
1005,8975,1,1
1006,6119,1,1
1007,5236,0,0
1008,5723,0,2
1009,1710,1,0
1010,1970,1,1
1011,5313,1,1
1012,10634,0,2
1013,7010,0,2
1014,8562,0,2
1015,3158,1,1
1016,4436,1,1
1017,5287,1,1
1018,2445,1,1
1019,6059,0,0
1020,4550,1,1
1021,4240,1,1
1022,8911,0,0
1023,3706,1,1
1024,3628,1,1
1025,10175,1,1
1026,8985,0,0
1027,5204,0,2
1028,9220,0,2
1029,9888,0,2
1030,5263,1,1
1031,1020,0,2
1032,9503,1,1
1033,10613,1,1
1034,67,1,0
1035,6019,1,1
1036,5863,0,0
1037,3717,0,0
1038,6730,1,1
1039,10749,1,1
1040,4998,0,2
1041,6287,1,1
1042,5985,1,0
1043,4754,1,1
1044,4002,0,2
1045,8870,1,0
1046,966,0,0
1047,4767,0,2
1048,9725,1,1
1049,4475,0,2
1050,5740,1,1
1051,5731,1,1
1052,7290,0,2
1053,3846,1,0
1054,8104,0,0
1055,4507,0,2
1056,11013,0,2
1057,4491,0,0
1058,3759,0,0
1059,1162,0,2
1060,2055,1,1
1061,10766,0,2
1062,4415,1,1
1063,3005,0,2
1064,2223,0,0
1065,4817,1,1
1066,2875,0,2
1067,10536,1,1
1068,11112,0,0
1069,3807,0,0
1070,9197,1,1
1071,10832,0,0
1072,6421,0,2
1073,4207,0,2
1074,577,1,1
1075,10855,0,0
1076,3081,1,1
1077,3535,0,2
1078,247,1,0
1079,8707,0,2
1080,9523,1,1
1081,6072,0,2
1082,6295,0,0
1083,10914,1,1
1084,1509,0,2
1085,5577,1,1
1086,7348,0,2
1087,1127,0,2
1088,1833,1,1
1089,4944,0,2
1090,9080,1,1
1091,6466,1,0
1092,9964,0,2
1093,4790,0,2
1094,10245,0,2
1095,1109,1,1
1096,6001,0,0
1097,5538,0,2
1098,10552,1,1
1099,1545,1,0
1100,7409,1,0
1101,4444,1,1
1102,146,0,2
1103,6271,1,1
1104,10065,1,1
1105,4741,0,0
1106,246,1,0
1107,375,0,2
1108,1524,0,0
1109,10022,1,1
1110,7451,0,2
1111,11010,1,1
1112,4356,0,0
1113,3885,1,1
1114,1175,0,2
1115,880,1,1
1116,2320,1,0
1117,850,0,2
1118,4713,1,1
1119,675,1,0
1120,5025,1,1
1121,2308,1,0
1122,5995,1,0
1123,6749,0,0
1124,1010,1,1
1125,8977,1,1
1126,4756,0,2
1127,3412,0,0
1128,606,1,1
1129,5961,1,1
1130,2975,0,2
1131,2894,0,2
1132,7613,1,0
1133,10542,1,1
1134,8015,0,2
1135,10617,1,1
1136,11166,1,0
1137,849,0,0
1138,523,1,1
1139,4066,1,1
1140,8414,1,1
1141,819,0,2
1142,4961,1,1
1143,749,1,1
1144,5430,1,0
1145,7755,1,0
1146,10525,1,1
1147,1453,0,0
1148,8310,0,0
1149,10710,1,1
1150,5031,0,2
1151,2613,0,2
1152,213,1,1
1153,967,1,0
1154,1077,0,2
1155,7959,0,2
1156,640,0,0
1157,4252,1,0
1158,8432,1,0
1159,6218,0,0
1160,6905,0,2
1161,5922,1,0
1162,3598,0,0
1163,6116,1,1
1164,6263,1,1
1165,10486,0,2
1166,2410,0,2
1167,193,1,1
1168,3363,1,1
1169,8278,0,2
1170,10660,1,0
1171,8686,1,1
1172,1604,0,0
1173,5907,1,1
1174,10669,0,0
1175,2918,1,1
1176,5735,0,2
1177,359,0,0
1178,8387,1,0
1179,1829,0,0
1180,3839,1,1
1181,9392,1,1
1182,2292,1,1
1183,10466,1,1
1184,9855,0,0
1185,4088,1,0
1186,5231,1,1
1187,590,0,2
1188,8732,0,0
1189,2315,1,1
1190,3515,1,0
1191,2245,1,1
1192,6283,0,0
1193,2246,1,1
1194,6606,0,0
1195,5545,0,2
1196,7342,0,0
1197,837,1,1
1198,9500,0,0
1199,3602,0,0
1200,234,1,1
1201,2995,0,2
1202,1118,0,0
1203,7789,0,2
1204,3068,1,1
1205,8955,1,1
1206,945,1,1
1207,5644,1,0
1208,7192,0,2
1209,2324,0,2
1210,697,0,2
1211,3439,1,0
1212,1506,1,1
1213,232,0,0
1214,8876,1,0
1215,4500,0,2
1216,9739,1,0
1217,10395,1,1
1218,1176,1,1
1219,1627,0,2
1220,938,1,1
1221,2740,1,0
1222,257,0,0
1223,4058,0,0
1224,7736,1,1
1225,8210,0,0
1226,833,1,0
1227,6230,1,0
1228,7325,1,1
1229,1307,1,1
1230,1502,1,1
1231,6211,1,1
1232,843,0,0
1233,4174,0,0
1234,9757,0,2
1235,6918,1,1
1236,286,1,0
1237,11086,1,1
1238,1921,1,1
1239,4138,0,2
1240,7718,0,2
1241,1291,1,0
1242,6862,1,1
1243,4136,1,1
1244,803,1,1
1245,4298,1,1
1246,10833,0,0
1247,9606,0,2
1248,8534,0,0
1249,5153,0,0
1250,961,0,2
1251,5011,0,0
1252,6653,1,0
1253,9094,0,0
1254,810,0,2
1255,5493,1,1
1256,2147,0,2
1257,5107,1,1
1258,3979,0,2
1259,6049,0,2
1260,8147,1,1
1261,1857,1,0
1262,3910,0,2
1263,5207,0,0
1264,11114,1,1
1265,5429,1,0
1266,9400,0,2
1267,1740,0,0
1268,7488,0,0
1269,195,1,0
1270,635,1,0
1271,7527,1,1
1272,10319,0,0
1273,2296,1,1
1274,10637,1,1
1275,2931,0,2
1276,907,1,0
1277,3698,0,2
1278,9516,0,0
1279,679,1,1
1280,7384,0,0
1281,5043,1,1
1282,5267,1,1
1283,339,0,0
1284,2516,1,1
1285,9010,0,2
1286,378,0,0
1287,4808,1,1
1288,5068,1,1
1289,7628,1,1
1290,7128,1,1
1291,2811,1,1
1292,3551,0,2
1293,1663,1,1
1294,5543,0,0
1295,1577,0,2
1296,10641,1,1
1297,5336,1,1
1298,6024,0,2
1299,1878,1,1
1300,3099,1,0
1301,6055,0,2
1302,5841,0,0
1303,3972,1,0
1304,4394,0,2
1305,5758,0,0
1306,6658,0,0
1307,4603,0,0
1308,8427,0,2
1309,10260,1,0
1310,7143,0,2
1311,8789,1,1
1312,6197,1,1
1313,4554,0,0
1314,4937,1,1
1315,1920,1,1
1316,8749,1,1
1317,1650,0,2
1318,10377,1,0
1319,9206,0,2
1320,10971,1,0
1321,6398,1,1
1322,9212,0,0
1323,7937,1,1
1324,839,1,1
1325,4246,1,1
1326,158,0,2
1327,4832,1,1
1328,5621,1,0
1329,1945,0,0
1330,5147,0,2
1331,2535,0,2
1332,11039,1,0
1333,9495,0,2
1334,9635,1,1
1335,2173,1,1
1336,942,1,0
1337,9386,1,0
1338,5510,0,0
1339,873,0,0
1340,2253,1,1
1341,5181,1,1
1342,979,1,1
1343,10390,1,1
1344,4698,0,0
1345,7793,0,0
1346,1745,0,2
1347,10590,0,2
1348,5080,0,2
1349,8369,1,1
1350,5232,0,0
1351,2407,0,2
1352,3834,0,0
1353,7912,1,1
1354,7712,0,2
1355,1065,0,2
1356,7275,1,1
1357,1343,1,0
1358,1384,1,1
1359,9967,1,0
1360,6181,0,2
1361,10507,0,0
1362,2674,0,0
1363,2698,0,0
1364,3231,1,1
1365,4096,1,0
1366,10476,0,2
1367,5948,1,0
1368,9140,1,1
1369,10258,1,1
1370,5675,0,0
1371,4743,0,0
1372,8805,1,0
1373,1542,1,0
1374,6770,1,1
1375,8773,1,0
1376,10475,0,0
1377,10420,1,1
1378,7514,1,0
1379,2902,1,1
1380,4345,1,1
1381,793,1,1
1382,10909,0,2
1383,3769,1,1
1384,8702,1,1
1385,4791,1,1
1386,2963,0,2
1387,8216,0,0
1388,8140,1,1
1389,10146,1,1
1390,5289,1,1
1391,2587,1,1
1392,4405,0,0
1393,8663,1,1
1394,2589,1,1
1395,3421,0,0
1396,10490,1,0
1397,4094,1,0
1398,9958,0,0
1399,2534,1,0
1400,4188,1,0
1401,6613,0,0
1402,10827,1,0
1403,5491,1,0
1404,8402,0,0
1405,8783,0,0
1406,10010,1,0
1407,618,0,0
1408,9121,0,0
1409,361,1,1
1410,4310,0,2
1411,2678,1,1
1412,6376,0,0
1413,524,1,1
1414,10341,0,2
1415,5654,1,1
1416,4098,1,1
1417,5824,1,1
1418,7000,0,2
1419,2561,0,0
1420,5229,1,1
1421,4086,1,1
1422,2428,1,1
1423,8254,1,1
1424,2836,1,1
1425,8418,1,1
1426,1362,1,1
1427,7152,1,1
1428,10033,1,1
1429,9349,0,2
1430,274,1,1
1431,3388,1,0
1432,922,1,1
1433,8588,1,0
1434,2518,1,1
1435,574,0,1
1436,3220,1,1
1437,5967,1,1
1438,1183,1,1
1439,6856,1,1
1440,4530,0,2
1441,1553,0,2
1442,4682,0,2
1443,8204,0,2
1444,5221,0,0
1445,1232,0,2
1446,1927,0,2
1447,5788,1,1
1448,6652,0,2
1449,6246,0,2
1450,5975,1,1
1451,6875,0,0
1452,4399,0,2
1453,4042,1,0
1454,2157,1,1
1455,10133,0,2
1456,2525,0,0
1457,8233,0,0
1458,9483,0,0
1459,2945,1,1
1460,10403,1,1
1461,5074,1,1
1462,10524,0,2
1463,4690,0,0
1464,7521,0,2
1465,7196,1,1
1466,4406,0,0
1467,9672,1,1
1468,4864,1,1
1469,4706,1,1
1470,4070,0,2
1471,25,0,2
1472,3697,1,0
1473,217,0,2
1474,4220,1,0
1475,5286,0,2
1476,9559,0,0
1477,2849,0,0
1478,7787,0,0
1479,3102,1,1
1480,5868,1,1
1481,8370,0,0
1482,9988,0,0
1483,2939,0,2
1484,5529,1,0
1485,9743,0,0
1486,5763,1,0
1487,3478,0,0
1488,7494,1,0
1489,1763,0,2
1490,7250,0,0
1491,2005,1,1
1492,10770,0,2
1493,6885,1,1
1494,2072,0,0
1495,9463,0,0
1496,6318,0,2
1497,4093,1,0
1498,5751,1,1
1499,3340,1,0
1500,3594,1,0
1501,3584,0,0
1502,3643,0,2
1503,851,1,0
1504,7706,0,0
1505,3967,0,2
1506,10128,0,0
1507,486,0,2
1508,9,1,0
1509,9451,0,0
1510,9264,0,2
1511,3865,1,1
1512,2853,1,1
1513,1490,0,0
1514,6310,1,1
1515,10380,1,1
1516,3887,1,1
1517,4278,0,2
1518,8643,0,2
1519,1998,1,1
1520,10795,1,1
1521,11110,1,1
1522,2408,0,0
1523,202,0,2
1524,7998,1,0
1525,830,0,2
1526,3536,1,1
1527,6050,0,0
1528,125,1,0
1529,3463,0,0
1530,2804,1,0
1531,3745,1,1
1532,9771,1,1
1533,451,1,1
1534,10530,0,2
1535,1079,0,0
1536,8920,0,0
1537,6678,1,1
1538,3852,0,0
1539,528,0,2
1540,73,1,1
1541,5589,0,0
1542,10212,1,1
1543,6365,1,1
1544,5636,1,1
1545,591,0,0
1546,2217,1,1
1547,2544,0,2
1548,7725,0,2
1549,8091,0,2
1550,7321,0,2
1551,5462,0,0
1552,7791,1,1
1553,955,1,0
1554,4037,1,1
1555,6642,1,1
1556,2793,0,0
1557,5424,1,1
1558,879,1,0
1559,9530,1,1
1560,4828,0,2
1561,10699,1,1
1562,1497,0,0
1563,7476,0,0
1564,4390,0,2
1565,10478,1,0
1566,1081,0,0
1567,4261,0,2
1568,9916,1,1
1569,5350,0,2
1570,8135,1,1
1571,8685,1,0
1572,4967,1,0
1573,2130,1,1
1574,9298,0,2
1575,8175,1,1
1576,6257,0,0
1577,3790,1,1
1578,9952,0,2
1579,3503,0,2
1580,5223,1,1
1581,4608,0,2
1582,1626,1,1
1583,4764,1,0
1584,2471,0,2
1585,5892,1,0
1586,2612,0,2
1587,4971,1,0
1588,5185,0,2
1589,10069,1,1
1590,2262,1,0
1591,1131,1,0
1592,1041,1,0
1593,24,1,1
1594,3409,1,0
1595,7022,0,2
1596,7943,1,1
1597,5272,0,0
1598,5453,0,2
1599,2565,0,2
1600,800,1,1
1601,11092,1,1
1602,5062,1,1
1603,8969,0,2
1604,4656,0,0
1605,4480,0,0
1606,9971,0,2
1607,6729,0,2
1608,1773,1,1
1609,9242,0,2
1610,1764,1,1
1611,6215,1,1
1612,10099,0,0
1613,5423,1,1
1614,940,0,2
1615,3011,0,0
1616,3298,0,0
1617,8286,1,0
1618,9668,1,1
1619,5120,0,2
1620,6097,1,0
1621,7019,1,0
1622,7408,1,0
1623,8041,0,0
1624,252,0,0
1625,9986,1,1
1626,3276,1,1
1627,3859,0,2
1628,3570,1,0
1629,3783,1,0
1630,10207,1,1
1631,10906,0,0
1632,3427,0,0
1633,5209,0,0
1634,10711,0,2
1635,10785,1,1
1636,2814,1,1
1637,6866,1,1
1638,1665,0,0
1639,6575,1,0
1640,3829,1,1
1641,3091,0,2
1642,10141,1,1
1643,5177,0,0
1644,7005,0,2
1645,6409,0,2
1646,7485,1,0
1647,8079,1,1
1648,8395,0,2
1649,10352,1,1
1650,4931,0,2
1651,13,1,1
1652,1834,1,1
1653,2285,1,0
1654,2295,0,0
1655,1378,0,0
1656,2781,0,2
1657,1165,1,0
1658,1404,1,1
1659,6457,0,2
1660,2639,1,1
1661,8299,1,1
1662,6437,1,1
1663,6912,0,0
1664,7327,1,1
1665,5299,0,0
1666,4127,0,0
1667,8143,1,0
1668,1964,0,2
1669,3690,0,2
1670,3433,0,2
1671,3389,0,0
1672,4712,1,1
1673,1170,1,1
1674,6347,1,1
1675,4065,1,0
1676,8230,1,1
1677,1215,0,2
1678,5939,1,1
1679,2156,1,1
1680,7788,1,1
1681,10323,0,0
1682,7947,1,1
1683,1891,0,2
1684,2570,0,0
1685,9256,0,0
1686,295,0,2
1687,7397,0,0
1688,6349,0,2
1689,10790,1,1
1690,10398,1,1
1691,2431,1,1
1692,550,0,2
1693,1890,1,1
1694,10742,0,2
1695,10356,1,1
1696,4676,0,0
1697,8852,0,0
1698,3565,1,0
1699,5294,1,1
1700,1958,0,0
1701,7349,1,1
1702,8799,1,1
1703,1351,0,0
1704,1045,1,0
1705,7732,0,0
1706,8070,0,0
1707,477,0,2
1708,7832,0,2
1709,2202,1,1
1710,7396,0,2
1711,4055,1,1
1712,10340,1,0
1713,10091,0,0
1714,7629,1,1
1715,10640,1,0
1716,3498,0,0
1717,6742,1,1
1718,1172,0,2
1719,569,0,2
1720,4686,0,2
1721,1381,1,0
1722,2634,1,1
1723,10905,1,0
1724,1744,1,1
1725,1000,0,0
1726,3828,0,0
1727,8605,1,1
1728,10304,1,1
1729,4351,1,1
1730,10129,0,2
1731,2499,0,0
1732,10092,0,0
1733,7500,0,0
1734,5796,0,2
1735,10556,1,0
1736,1064,1,1
1737,48,1,0
1738,7610,1,0
1739,263,1,1
1740,10814,0,2
1741,9710,0,0
1742,9292,0,2
1743,10250,1,1
1744,7881,0,2
1745,5847,0,0
1746,737,0,2
1747,3571,0,0
1748,7807,1,0
1749,3878,1,1
1750,5092,0,0
1751,2154,1,1
1752,5394,1,1
1753,3798,1,1
1754,3524,1,1
1755,5247,1,1
1756,5883,0,0
1757,2118,0,0
1758,8812,1,1
1759,6616,0,2
1760,2797,0,0
1761,4328,1,1
1762,9167,0,0
1763,10560,1,1
1764,2631,0,2
1765,8312,1,1
1766,5534,1,0
1767,5093,1,1
1768,7592,0,0
1769,8895,0,2
1770,8584,0,2
1771,2694,1,1
1772,8910,1,0
1773,7433,1,1
1774,164,1,0
1775,10477,1,1
1776,2681,0,2
1777,5150,1,1
1778,5283,1,0
1779,9645,0,0
1780,10678,0,0
1781,7261,1,0
1782,9648,1,0
1783,2870,0,0
1784,8008,1,1
1785,1513,0,0
1786,6173,0,2
1787,1419,1,1
1788,9150,1,1
1789,7960,0,2
1790,1250,1,1
1791,9905,1,0
1792,10691,1,1
1793,7002,0,2
1794,2952,1,1
1795,8439,0,0
1796,762,0,2
1797,2831,0,2
1798,6977,0,0
1799,6289,1,0
1800,4168,1,0
1801,8397,1,1
1802,9284,0,0
1803,6237,1,1
1804,3130,1,1
1805,1619,0,2
1806,1990,0,2
1807,5513,1,1
1808,269,0,0
1809,8093,0,2
1810,10513,0,2
1811,10177,0,2
1812,2549,1,1
1813,5782,0,0
1814,10057,0,2
1815,10307,0,0
1816,8566,1,1
1817,2415,0,2
1818,5684,1,1
1819,8334,1,1
1820,9166,0,2
1821,1440,0,0
1822,78,1,1
1823,5441,0,0
1824,5302,0,2
1825,4687,0,2
1826,1087,1,1
1827,6859,1,1
1828,9860,1,0
1829,7129,0,0
1830,5866,1,0
1831,10521,1,1
1832,7393,1,1
1833,7849,0,2
1834,332,1,0
1835,9847,0,0
1836,531,0,0
1837,9576,1,1
1838,6906,0,2
1839,7419,1,1
1840,3170,0,2
1841,8527,1,0
1842,7872,0,2
1843,9931,1,1
1844,10595,1,1
1845,4609,0,0
1846,5010,1,1
1847,4427,0,2
1848,11148,1,1
1849,1168,0,2
1850,9595,0,2
1851,10163,0,2
1852,2886,0,0
1853,6710,1,0
1854,5316,1,1
1855,9029,0,2
1856,521,1,0
1857,1459,0,0
1858,10241,1,1
1859,1630,0,2
1860,3254,0,2
1861,9064,0,2
1862,3678,0,0
1863,4227,1,1
1864,9467,1,1
1865,8486,1,0
1866,2186,0,2
1867,3286,1,1
1868,8602,0,0
1869,3722,1,1
1870,6715,0,0
1871,4796,1,1
1872,9612,1,1
1873,3766,1,0
1874,1399,0,2
1875,1570,0,0
1876,3426,0,0
1877,3074,0,2
1878,8341,1,1
1879,5180,1,0
1880,6461,0,2
1881,7679,1,1
1882,10702,1,0
1883,7505,1,1
1884,5113,0,2
1885,10858,0,0
1886,2961,1,0
1887,2747,0,2
1888,3010,0,2
1889,5790,1,1
1890,6892,0,0
1891,1743,0,2
1892,3578,1,0
1893,8462,1,1
1894,5558,0,2
1895,4619,0,2
1896,8780,0,0
1897,10789,1,1
1898,10779,1,1
1899,5896,0,2
1900,2337,1,1
1901,10951,0,0
1902,544,0,2
1903,17,0,0
1904,10680,1,1
1905,3265,1,1
1906,5623,1,1
1907,5832,0,2
1908,5544,0,0
1909,6417,0,2
1910,5831,0,0
1911,7101,0,0
1912,10176,0,0
1913,2326,1,1
1914,4385,1,1
1915,2929,1,1
1916,10686,1,1
1917,2546,1,1
1918,3283,0,0
1919,3138,0,2
1920,4994,0,2
1921,7966,0,0
1922,3112,1,1
1923,10872,0,0
1924,2181,0,2
1925,1867,0,0
1926,1518,0,0
1927,5734,1,1
1928,2878,0,0
1929,1458,1,1
1930,7007,1,1
1931,6200,0,2
1932,1403,1,1
1933,4827,0,0
1934,6250,0,0
1935,9291,1,1
1936,2478,1,1
1937,1139,0,2
1938,5138,1,1
1939,5393,1,1
1940,10413,0,2
1941,5015,1,1
1942,10868,0,2
1943,10676,0,2
1944,2495,0,2
1945,7842,1,1
1946,9955,1,0
1947,6663,0,0
1948,2162,0,2
1949,3434,0,2
1950,7919,0,0
1951,5626,0,2
1952,6428,0,2
1953,8514,1,1
1954,10448,0,0
1955,2109,0,2
1956,7530,1,0
1957,8925,0,0
1958,3009,0,0
1959,6355,1,1
1960,3517,1,0
1961,1158,1,0
1962,6203,0,2
1963,7165,0,0
1964,3595,0,2
1965,8537,0,2
1966,4331,0,2
1967,6281,0,0
1968,4338,1,1
1969,2452,1,0
1970,9507,1,0
1971,8360,1,0
1972,10311,1,1
1973,5117,0,2
1974,4867,1,0
1975,9289,1,1
1976,10913,1,1
1977,3032,1,1
1978,8524,1,1
1979,3334,0,2
1980,4470,1,1
1981,1406,1,0
1982,8619,1,1
1983,10821,1,0
1984,4552,0,2
1985,898,1,1
1986,9797,0,2
1987,10949,0,2
1988,8212,1,0
1989,6248,0,2
1990,10164,0,2
1991,4547,1,1
1992,6815,0,2
1993,4122,0,2
1994,10841,0,0
1995,5370,1,0
1996,176,0,2
1997,4860,1,1
1998,10757,1,1
1999,4023,1,1
2000,6679,1,1
2001,9923,1,0
2002,7181,1,1
2003,3599,0,0
2004,405,0,0
2005,6870,0,0
2006,832,0,0
2007,2002,0,2
2008,3657,1,1
2009,500,0,2
2010,1951,1,0
2011,3262,0,2
2012,4102,1,1
2013,7042,1,1
2014,10598,1,1
2015,255,1,1
2016,2375,1,1
2017,9829,1,1
2018,6214,1,1
2019,4954,1,0
2020,7861,0,0
2021,4837,0,0
2022,9423,1,1
2023,4198,1,1
2024,153,1,1
2025,9323,0,0
2026,10001,1,1
2027,3945,0,0
2028,3799,0,0
2029,8625,1,1
2030,3491,0,0
2031,983,1,1
2032,9119,0,2
2033,4786,0,0
2034,5872,0,0
2035,6568,1,1
2036,5628,0,0
2037,5631,0,2
2038,4974,0,0
2039,8416,1,1
2040,5454,1,1
2041,4095,1,0
2042,5474,1,1
2043,4268,1,0
2044,10701,0,2
2045,3507,0,2
2046,2079,0,2
2047,626,1,1
2048,4426,1,0
2049,2591,0,2
2050,10509,1,1
2051,6382,1,1
2052,6673,1,1
2053,7441,0,2
2054,1071,0,0
2055,10061,0,0
2056,7187,0,0
2057,8775,1,1
2058,1612,1,1
2059,2345,0,2
2060,322,1,1
2061,10897,0,0
2062,123,0,2
2063,6103,1,1
2064,7899,0,0
2065,10500,1,1
2066,1655,1,1
2067,2406,0,0
2068,2712,0,2
2069,5517,1,1
2070,10643,0,2
2071,2254,0,2
2072,10281,0,2
2073,6958,1,1
2074,954,1,1
2075,5079,1,0
2076,10339,1,0
2077,4643,1,1
2078,3117,1,0
2079,6497,1,0
2080,5396,0,2
2081,5250,0,2
2082,1052,0,0
2083,2802,0,2
2084,6343,0,2
2085,6507,1,1
2086,7901,1,1
2087,4865,1,0
2088,2686,1,1
2089,3107,0,2
2090,7734,0,2
2091,1146,0,0
2092,11031,1,1
2093,7428,0,2
2094,975,1,0
2095,1103,0,0
2096,3422,0,0
2097,1055,1,1
2098,6544,0,2
2099,1241,1,1
2100,2909,0,0
2101,5802,1,1
2102,1407,1,1
2103,6183,1,1
2104,340,0,0
2105,5991,1,0
2106,3104,0,2
2107,9729,1,0
2108,1008,0,0
2109,11091,1,1
2110,3969,1,1
2111,1916,1,0
2112,9907,0,0
2113,87,1,1
2114,8659,0,2
2115,6262,0,2
2116,6147,1,1
2117,8832,1,1
2118,10067,1,1
2119,7532,1,0
2120,4915,0,0
2121,2115,1,1
2122,2088,0,2
2123,2493,0,0
2124,6292,0,2
2125,1631,0,0
2126,10104,1,1
2127,3006,1,1
2128,3919,0,2
2129,11181,1,2
2130,642,1,1
2131,4369,0,2
2132,10127,0,0
2133,271,1,0
2134,4973,1,1
2135,2948,0,2
2136,2715,1,0
2137,10432,1,1
2138,9216,1,1
2139,7124,1,0
2140,9727,1,1
2141,5136,0,0
2142,9790,0,0
2143,1818,1,1
2144,1100,1,1
2145,7873,1,0
2146,10609,1,0
2147,6950,1,1
2148,7233,0,2
2149,9481,1,1
2150,7699,1,0
2151,2711,1,1
2152,8933,1,1
2153,8726,1,0
2154,1515,1,1
2155,5186,0,0
2156,10157,0,1
2157,5667,0,0
2158,902,0,0
2159,977,1,0
2160,7313,0,2
2161,7600,1,1
2162,9706,1,1
2163,2429,0,2
2164,3520,0,2
2165,10394,0,2
2166,4548,1,1
2167,9362,0,0
2168,3968,0,0
2169,4084,0,0
2170,6721,0,0
2171,2829,0,0
2172,1772,0,2
2173,1544,0,2
2174,492,1,0
2175,4377,0,0
2176,4541,1,0
2177,1321,1,1
2178,8858,0,0
2179,3266,0,1
2180,11187,1,1
2181,8207,1,1
2182,9723,0,0
2183,2666,0,2
2184,5721,0,2
2185,10652,0,2
2186,1646,1,1
2187,4418,0,2
2188,2656,1,1
2189,7990,1,1
2190,8722,0,2
2191,7118,0,0
2192,2980,1,1
2193,1839,1,1
2194,10722,0,0
2195,2632,0,0
2196,9014,1,1
2197,7620,1,1
2198,10968,0,0
2199,11133,1,0
2200,2736,0,2
2201,1876,1,1
2202,5959,1,0
2203,1092,0,0
2204,4333,1,0
2205,3850,1,1
2206,6168,1,1
2207,607,1,0
2208,10469,0,2
2209,6983,1,1
2210,3661,0,2
2211,9303,1,1
2212,692,1,1
2213,736,1,1
2214,9589,0,2
2215,4838,1,1
2216,9246,1,0
2217,6261,0,0
2218,7366,0,2
2219,10659,1,1
2220,1448,1,1
2221,4286,0,0
2222,4749,1,0
2223,4478,1,0
2224,4201,0,0
2225,8720,0,2
2226,10084,1,1
2227,7004,1,1
2228,9817,0,0
2229,8080,1,1
2230,8372,1,1
2231,10870,0,0
2232,4001,1,0
2233,7270,0,2
2234,8235,0,2
2235,9405,1,0
