row,partition
0,fit
1,fit
3,fit
4,fit
5,fit
6,fit
9,fit
10,fit
11,fit
12,fit
13,fit
15,fit
16,fit
17,fit
18,fit
19,fit
20,fit
21,fit
22,fit
24,fit
25,fit
26,fit
27,fit
29,fit
31,fit
32,fit
37,fit
38,fit
39,fit
40,fit
41,fit
42,fit
44,fit
45,fit
46,fit
47,fit
48,fit
49,fit
51,fit
52,fit
53,fit
54,fit
55,fit
56,fit
58,fit
59,fit
60,fit
62,fit
63,fit
64,fit
66,fit
67,fit
69,fit
71,fit
72,fit
76,fit
77,fit
78,fit
80,fit
81,fit
82,fit
83,fit
84,fit
85,fit
87,fit
88,fit
89,fit
90,fit
91,fit
92,fit
93,fit
94,fit
95,fit
96,fit
97,fit
98,fit
99,fit
100,fit
101,fit
102,fit
104,fit
105,fit
106,fit
107,fit
108,fit
109,fit
112,fit
113,fit
114,fit
115,fit
117,fit
118,fit
119,fit
120,fit
122,fit
124,fit
125,fit
128,fit
129,fit
130,fit
131,fit
132,fit
134,fit
135,fit
136,fit
137,fit
138,fit
139,fit
141,fit
143,fit
144,fit
145,fit
146,fit
147,fit
148,fit
149,fit
150,fit
151,fit
152,fit
153,fit
154,fit
155,fit
156,fit
158,fit
159,fit
160,fit
161,fit
163,fit
164,fit
166,fit
168,fit
172,fit
173,fit
175,fit
176,fit
177,fit
179,fit
180,fit
181,fit
182,fit
183,fit
184,fit
185,fit
186,fit
187,fit
188,fit
189,fit
190,fit
191,fit
192,fit
194,fit
195,fit
196,fit
197,fit
199,fit
204,fit
205,fit
206,fit
207,fit
208,fit
209,fit
211,fit
212,fit
213,fit
215,fit
216,fit
217,fit
218,fit
219,fit
221,fit
222,fit
223,fit
224,fit
225,fit
227,fit
228,fit
231,fit
232,fit
233,fit
234,fit
235,fit
237,fit
238,fit
239,fit
240,fit
241,fit
242,fit
244,fit
245,fit
246,fit
247,fit
249,fit
250,fit
252,fit
253,fit
254,fit
255,fit
257,fit
258,fit
259,fit
260,fit
261,fit
263,fit
264,fit
265,fit
266,fit
267,fit
268,fit
269,fit
270,fit
271,fit
272,fit
273,fit
275,fit
276,fit
277,fit
278,fit
279,fit
280,fit
284,fit
285,fit
287,fit
288,fit
289,fit
290,fit
291,fit
293,fit
294,fit
295,fit
297,fit
298,fit
299,fit
300,fit
301,fit
303,fit
305,fit
307,fit
309,fit
310,fit
311,fit
312,fit
313,fit
314,fit
315,fit
316,fit
317,fit
318,fit
320,fit
321,fit
324,fit
325,fit
326,fit
329,fit
331,fit
332,fit
333,fit
334,fit
335,fit
336,fit
337,fit
338,fit
339,fit
340,fit
342,fit
343,fit
344,fit
345,fit
346,fit
347,fit
348,fit
349,fit
350,fit
352,fit
353,fit
355,fit
356,fit
357,fit
358,fit
359,fit
360,fit
362,fit
363,fit
365,fit
367,fit
370,fit
371,fit
372,fit
373,fit
374,fit
376,fit
377,fit
378,fit
379,fit
380,fit
381,fit
382,fit
383,fit
384,fit
385,fit
386,fit
387,fit
388,fit
389,fit
390,fit
391,fit
392,fit
394,fit
395,fit
396,fit
397,fit
398,fit
399,fit
400,fit
403,fit
406,fit
408,fit
409,fit
410,fit
411,fit
412,fit
413,fit
414,fit
415,fit
416,fit
417,fit
418,fit
419,fit
420,fit
422,fit
423,fit
424,fit
425,fit
426,fit
427,fit
431,fit
432,fit
433,fit
434,fit
435,fit
436,fit
440,fit
441,fit
444,fit
445,fit
447,fit
448,fit
449,fit
450,fit
452,fit
453,fit
455,fit
456,fit
457,fit
458,fit
459,fit
460,fit
461,fit
462,fit
463,fit
464,fit
466,fit
467,fit
468,fit
469,fit
470,fit
471,fit
472,fit
473,fit
474,fit
475,fit
476,fit
477,fit
478,fit
479,fit
480,fit
481,fit
482,fit
483,fit
484,fit
485,fit
486,fit
487,fit
488,fit
489,fit
490,fit
491,fit
493,fit
494,fit
495,fit
496,fit
497,fit
498,fit
499,fit
500,fit
501,fit
502,fit
503,fit
504,fit
505,fit
506,fit
507,fit
508,fit
510,fit
511,fit
512,fit
513,fit
514,fit
515,fit
516,fit
517,fit
518,fit
519,fit
520,fit
522,fit
524,fit
525,fit
526,fit
527,fit
528,fit
529,fit
530,fit
531,fit
534,fit
535,fit
537,fit
538,fit
540,fit
541,fit
542,fit
543,fit
544,fit
545,fit
546,fit
547,fit
548,fit
549,fit
550,fit
551,fit
554,fit
555,fit
556,fit
557,fit
558,fit
559,fit
560,fit
561,fit
562,fit
564,fit
566,fit
567,fit
568,fit
569,fit
570,fit
571,fit
572,fit
573,fit
574,fit
575,fit
577,fit
578,fit
579,fit
580,fit
581,fit
582,fit
583,fit
586,fit
587,fit
589,fit
591,fit
592,fit
593,fit
594,fit
595,fit
596,fit
597,fit
598,fit
599,fit
600,fit
601,fit
602,fit
603,fit
604,fit
605,fit
606,fit
607,fit
608,fit
610,fit
611,fit
612,fit
613,fit
615,fit
616,fit
618,fit
619,fit
621,fit
622,fit
623,fit
626,fit
627,fit
628,fit
629,fit
631,fit
633,fit
635,fit
637,fit
638,fit
639,fit
640,fit
641,fit
642,fit
643,fit
644,fit
645,fit
646,fit
647,fit
648,fit
649,fit
650,fit
651,fit
652,fit
653,fit
656,fit
657,fit
658,fit
659,fit
660,fit
661,fit
662,fit
665,fit
667,fit
668,fit
669,fit
670,fit
673,fit
674,fit
675,fit
676,fit
677,fit
678,fit
679,fit
680,fit
681,fit
682,fit
684,fit
685,fit
687,fit
688,fit
689,fit
690,fit
691,fit
692,fit
693,fit
694,fit
695,fit
696,fit
697,fit
698,fit
699,fit
701,fit
702,fit
703,fit
705,fit
706,fit
708,fit
710,fit
711,fit
712,fit
714,fit
716,fit
720,fit
721,fit
722,fit
723,fit
724,fit
725,fit
726,fit
727,fit
728,fit
729,fit
730,fit
731,fit
732,fit
733,fit
735,fit
736,fit
737,fit
738,fit
739,fit
740,fit
741,fit
742,fit
743,fit
744,fit
745,fit
746,fit
747,fit
748,fit
749,fit
751,fit
752,fit
753,fit
754,fit
755,fit
757,fit
758,fit
759,fit
761,fit
762,fit
763,fit
764,fit
765,fit
766,fit
767,fit
769,fit
771,fit
772,fit
773,fit
774,fit
775,fit
776,fit
777,fit
778,fit
779,fit
781,fit
782,fit
783,fit
784,fit
785,fit
786,fit
788,fit
789,fit
790,fit
791,fit
792,fit
794,fit
795,fit
797,fit
801,fit
802,fit
803,fit
804,fit
805,fit
806,fit
807,fit
808,fit
809,fit
810,fit
811,fit
812,fit
813,fit
816,fit
818,fit
820,fit
821,fit
823,fit
824,fit
825,fit
826,fit
827,fit
828,fit
829,fit
830,fit
834,fit
835,fit
836,fit
837,fit
839,fit
840,fit
842,fit
843,fit
844,fit
845,fit
846,fit
847,fit
849,fit
850,fit
851,fit
852,fit
854,fit
855,fit
856,fit
857,fit
858,fit
859,fit
860,fit
861,fit
862,fit
863,fit
865,fit
866,fit
868,fit
869,fit
870,fit
871,fit
872,fit
873,fit
874,fit
877,fit
878,fit
880,fit
882,fit
883,fit
884,fit
886,fit
887,fit
888,fit
889,fit
891,fit
892,fit
893,fit
895,fit
897,fit
898,fit
900,fit
902,fit
904,fit
906,fit
908,fit
909,fit
911,fit
913,fit
914,fit
915,fit
916,fit
917,fit
918,fit
920,fit
922,fit
923,fit
925,fit
926,fit
927,fit
928,fit
929,fit
930,fit
931,fit
932,fit
933,fit
934,fit
935,fit
937,fit
938,fit
939,fit
942,fit
943,fit
944,fit
945,fit
946,fit
948,fit
949,fit
950,fit
951,fit
952,fit
953,fit
954,fit
955,fit
957,fit
958,fit
959,fit
960,fit
961,fit
962,fit
963,fit
964,fit
965,fit
966,fit
967,fit
968,fit
969,fit
970,fit
971,fit
972,fit
973,fit
974,fit
978,fit
979,fit
981,fit
982,fit
983,fit
984,fit
985,fit
987,fit
988,fit
989,fit
990,fit
991,fit
992,fit
993,fit
995,fit
999,fit
1000,fit
1001,fit
1002,fit
1003,fit
1004,fit
1005,fit
1007,fit
1008,fit
1009,fit
1010,fit
1011,fit
1012,fit
1013,fit
1014,fit
1016,fit
1017,fit
1018,fit
1019,fit
1020,fit
1021,fit
1022,fit
1023,fit
1024,fit
1025,fit
1026,fit
1027,fit
1028,fit
1029,fit
1030,fit
1031,fit
1032,fit
1033,fit
1034,fit
1035,fit
1037,fit
1038,fit
1039,fit
1040,fit
1042,fit
1044,fit
1045,fit
1047,fit
1048,fit
1049,fit
1050,fit
1051,fit
1055,fit
1056,fit
1057,fit
1058,fit
1060,fit
1063,fit
1064,fit
1065,fit
1066,fit
1067,fit
1068,fit
1069,fit
1071,fit
1072,fit
1074,fit
1075,fit
1076,fit
1077,fit
1078,fit
1079,fit
1082,fit
1083,fit
1084,fit
1086,fit
1087,fit
1088,fit
1089,fit
1090,fit
1091,fit
1092,fit
1093,fit
1094,fit
1095,fit
1097,fit
1098,fit
1100,fit
1103,fit
1104,fit
1105,fit
1107,fit
1108,fit
1109,fit
1110,fit
1111,fit
1112,fit
1114,fit
1115,fit
1117,fit
1118,fit
1119,fit
1120,fit
1121,fit
1123,fit
1124,fit
1126,fit
1127,fit
1128,fit
1129,fit
1130,fit
1131,fit
1133,fit
1134,fit
1136,fit
1137,fit
1138,fit
1139,fit
1141,fit
1142,fit
1143,fit
1144,fit
1145,fit
1146,fit
1147,fit
1148,fit
1149,fit
1150,fit
1151,fit
1152,fit
1155,fit
1156,fit
1157,fit
1158,fit
1159,fit
1160,fit
1161,fit
1164,fit
1165,fit
1166,fit
1168,fit
1170,fit
1171,fit
1172,fit
1174,fit
1175,fit
1178,fit
1179,fit
1180,fit
1181,fit
1182,fit
1183,fit
1184,fit
1185,fit
1186,fit
1187,fit
1188,fit
1189,fit
1190,fit
1191,fit
1192,fit
1193,fit
1194,fit
1195,fit
1197,fit
1200,fit
1201,fit
1202,fit
1203,fit
1204,fit
1205,fit
1206,fit
1207,fit
1208,fit
1209,fit
1211,fit
1212,fit
1214,fit
1215,fit
1216,fit
1217,fit
1219,fit
1220,fit
1221,fit
1222,fit
1223,fit
1224,fit
1228,fit
1229,fit
1230,fit
1231,fit
1233,fit
1234,fit
1236,fit
1237,fit
1238,fit
1239,fit
1240,fit
1241,fit
1242,fit
1243,fit
1245,fit
1246,fit
1248,fit
1249,fit
1251,fit
1252,fit
1253,fit
1254,fit
1255,fit
1256,fit
1257,fit
1259,fit
1260,fit
1261,fit
1262,fit
1263,fit
1264,fit
1265,fit
1266,fit
1267,fit
1269,fit
1270,fit
1271,fit
1273,fit
1274,fit
1276,fit
1277,fit
1279,fit
1280,fit
1281,fit
1282,fit
1283,fit
1284,fit
1285,fit
1286,fit
1287,fit
1288,fit
1289,fit
1290,fit
1291,fit
1294,fit
1295,fit
1296,fit
1297,fit
1299,fit
1300,fit
1301,fit
1302,fit
1303,fit
1305,fit
1306,fit
1307,fit
1308,fit
1309,fit
1310,fit
1311,fit
1312,fit
1314,fit
1315,fit
1317,fit
1318,fit
1319,fit
1320,fit
1321,fit
1322,fit
1324,fit
1325,fit
1327,fit
1329,fit
1330,fit
1331,fit
1333,fit
1334,fit
1335,fit
1336,fit
1338,fit
1339,fit
1340,fit
1341,fit
1343,fit
1344,fit
1345,fit
1346,fit
1348,fit
1350,fit
1351,fit
1352,fit
1353,fit
1354,fit
1355,fit
1356,fit
1358,fit
1359,fit
1360,fit
1361,fit
1362,fit
1364,fit
1365,fit
1366,fit
1368,fit
1369,fit
1370,fit
1371,fit
1372,fit
1373,fit
1374,fit
1376,fit
1377,fit
1381,fit
1382,fit
1383,fit
1384,fit
1385,fit
1386,fit
1387,fit
1388,fit
1389,fit
1390,fit
1392,fit
1393,fit
1394,fit
1395,fit
1396,fit
1397,fit
1399,fit
1400,fit
1401,fit
1402,fit
1404,fit
1405,fit
1406,fit
1407,fit
1408,fit
1409,fit
1411,fit
1413,fit
1414,fit
1415,fit
1416,fit
1417,fit
1419,fit
1420,fit
1421,fit
1423,fit
1425,fit
1426,fit
1427,fit
1428,fit
1429,fit
1432,fit
1433,fit
1434,fit
1435,fit
1436,fit
1438,fit
1439,fit
1440,fit
1441,fit
1442,fit
1443,fit
1444,fit
1448,fit
1450,fit
1451,fit
1452,fit
1453,fit
1454,fit
1455,fit
1456,fit
1457,fit
1458,fit
1459,fit
1461,fit
1462,fit
1463,fit
1464,fit
1465,fit
1466,fit
1468,fit
1469,fit
1470,fit
1471,fit
1472,fit
1473,fit
1474,fit
1475,fit
1476,fit
1477,fit
1478,fit
1479,fit
1480,fit
1481,fit
1482,fit
1484,fit
1485,fit
1486,fit
1487,fit
1488,fit
1489,fit
1490,fit
1492,fit
1493,fit
1495,fit
1496,fit
1497,fit
1498,fit
1499,fit
1501,fit
1502,fit
1503,fit
1505,fit
1506,fit
1507,fit
1508,fit
1510,fit
1511,fit
1512,fit
1514,fit
1515,fit
1516,fit
1517,fit
1518,fit
1519,fit
1520,fit
1521,fit
1522,fit
1523,fit
1524,fit
1525,fit
1526,fit
1527,fit
1528,fit
1529,fit
1530,fit
1531,fit
1533,fit
1534,fit
1535,fit
1536,fit
1538,fit
1539,fit
1540,fit
1541,fit
1542,fit
1543,fit
1544,fit
1545,fit
1546,fit
1547,fit
1548,fit
1549,fit
1550,fit
1551,fit
1552,fit
1554,fit
1555,fit
1556,fit
1557,fit
1558,fit
1560,fit
1561,fit
1562,fit
1564,fit
1565,fit
1566,fit
1567,fit
1568,fit
1570,fit
1571,fit
1572,fit
1573,fit
1574,fit
1575,fit
1576,fit
1577,fit
1579,fit
1580,fit
1581,fit
1582,fit
1583,fit
1584,fit
1585,fit
1586,fit
1587,fit
1588,fit
1590,fit
1591,fit
1592,fit
1593,fit
1594,fit
1595,fit
1596,fit
1597,fit
1598,fit
1600,fit
1601,fit
1602,fit
1603,fit
1604,fit
1605,fit
1607,fit
1608,fit
1609,fit
1611,fit
1612,fit
1613,fit
1614,fit
1615,fit
1616,fit
1617,fit
1618,fit
1619,fit
1620,fit
1622,fit
1623,fit
1625,fit
1626,fit
1628,fit
1629,fit
1630,fit
1631,fit
1633,fit
1634,fit
1636,fit
1637,fit
1638,fit
1640,fit
1641,fit
1644,fit
1645,fit
1646,fit
1649,fit
1651,fit
1653,fit
1654,fit
1655,fit
1656,fit
1657,fit
1658,fit
1659,fit
1660,fit
1661,fit
1662,fit
1663,fit
1664,fit
1665,fit
1666,fit
1667,fit
1668,fit
1670,fit
1672,fit
1673,fit
1674,fit
1676,fit
1677,fit
1678,fit
1679,fit
1680,fit
1682,fit
1683,fit
1684,fit
1685,fit
1686,fit
1688,fit
1689,fit
1690,fit
1691,fit
1692,fit
1693,fit
1694,fit
1696,fit
1697,fit
1699,fit
1700,fit
1701,fit
1702,fit
1703,fit
1704,fit
1706,fit
1707,fit
1708,fit
1709,fit
1710,fit
1711,fit
1712,fit
1715,fit
1717,fit
1718,fit
1719,fit
1721,fit
1722,fit
1723,fit
1724,fit
1725,fit
1726,fit
1728,fit
1729,fit
1730,fit
1731,fit
1732,fit
1733,fit
1734,fit
1736,fit
1737,fit
1738,fit
1739,fit
1740,fit
1741,fit
1742,fit
1743,fit
1744,fit
1745,fit
1746,fit
1747,fit
1748,fit
1749,fit
1750,fit
1751,fit
1753,fit
1755,fit
1757,fit
1758,fit
1759,fit
1760,fit
1761,fit
1762,fit
1764,fit
1765,fit
1766,fit
1767,fit
1768,fit
1770,fit
1771,fit
1772,fit
1773,fit
1774,fit
1775,fit
1776,fit
1777,fit
1779,fit
1782,fit
1783,fit
1784,fit
1785,fit
1787,fit
1788,fit
1790,fit
1791,fit
1792,fit
1795,fit
1796,fit
1797,fit
1798,fit
1799,fit
1801,fit
1802,fit
1803,fit
1805,fit
1806,fit
1807,fit
1808,fit
1809,fit
1810,fit
1811,fit
1812,fit
1813,fit
1814,fit
1815,fit
1816,fit
1817,fit
1818,fit
1819,fit
1820,fit
1821,fit
1824,fit
1825,fit
1827,fit
1828,fit
1829,fit
1830,fit
1831,fit
1832,fit
1835,fit
1836,fit
1837,fit
1838,fit
1839,fit
1840,fit
1841,fit
1842,fit
1844,fit
1845,fit
1846,fit
1847,fit
1848,fit
1851,fit
1852,fit
1854,fit
1855,fit
1856,fit
1857,fit
1858,fit
1859,fit
1860,fit
1861,fit
1862,fit
1863,fit
1864,fit
1865,fit
1866,fit
1867,fit
1868,fit
1869,fit
1870,fit
1871,fit
1872,fit
1873,fit
1874,fit
1875,fit
1876,fit
1877,fit
1878,fit
1879,fit
1880,fit
1884,fit
1886,fit
1887,fit
1888,fit
1890,fit
1891,fit
1892,fit
1893,fit
1894,fit
1895,fit
1896,fit
1897,fit
1898,fit
1899,fit
1900,fit
1901,fit
1903,fit
1904,fit
1905,fit
1908,fit
1909,fit
1910,fit
1911,fit
1912,fit
1913,fit
1914,fit
1915,fit
1916,fit
1917,fit
1918,fit
1919,fit
1920,fit
1921,fit
1922,fit
1923,fit
1924,fit
1925,fit
1926,fit
1928,fit
1930,fit
1931,fit
1932,fit
1933,fit
1935,fit
1936,fit
1937,fit
1938,fit
1939,fit
1941,fit
1942,fit
1944,fit
1945,fit
1946,fit
1947,fit
1948,fit
1949,fit
1950,fit
1952,fit
1953,fit
1954,fit
1955,fit
1956,fit
1957,fit
1958,fit
1959,fit
1960,fit
1961,fit
1962,fit
1963,fit
1964,fit
1967,fit
1968,fit
1970,fit
1972,fit
1974,fit
1975,fit
1976,fit
1978,fit
1981,fit
1982,fit
1983,fit
1984,fit
1985,fit
1986,fit
1987,fit
1988,fit
1990,fit
1991,fit
1992,fit
1994,fit
1995,fit
1996,fit
1997,fit
1998,fit
1999,fit
2000,fit
2001,fit
2003,fit
2004,fit
2005,fit
2006,fit
2007,fit
2008,fit
2009,fit
2010,fit
2011,fit
2012,fit
2013,fit
2014,fit
2015,fit
2016,fit
2017,fit
2018,fit
2020,fit
2021,fit
2022,fit
2024,fit
2025,fit
2026,fit
2027,fit
2028,fit
2030,fit
2031,fit
2032,fit
2033,fit
2034,fit
2035,fit
2036,fit
2037,fit
2038,fit
2039,fit
2040,fit
2041,fit
2042,fit
2043,fit
2044,fit
2045,fit
2046,fit
2048,fit
2049,fit
2050,fit
2052,fit
2053,fit
2054,fit
2055,fit
2056,fit
2057,fit
2058,fit
2060,fit
2061,fit
2062,fit
2064,fit
2065,fit
2066,fit
2067,fit
2071,fit
2072,fit
2073,fit
2075,fit
2076,fit
2077,fit
2078,fit
2079,fit
2080,fit
2081,fit
2082,fit
2083,fit
2084,fit
2085,fit
2086,fit
2088,fit
2089,fit
2090,fit
2091,fit
2093,fit
2094,fit
2095,fit
2096,fit
2097,fit
2098,fit
2099,fit
2101,fit
2102,fit
2104,fit
2105,fit
2106,fit
2107,fit
2108,fit
2109,fit
2110,fit
2111,fit
2112,fit
2113,fit
2114,fit
2115,fit
2116,fit
2117,fit
2118,fit
2119,fit
2120,fit
2121,fit
2122,fit
2123,fit
2124,fit
2125,fit
2126,fit
2129,fit
2130,fit
2131,fit
2133,fit
2134,fit
2135,fit
2139,fit
2140,fit
2141,fit
2142,fit
2143,fit
2144,fit
2145,fit
2146,fit
2147,fit
2148,fit
2149,fit
2150,fit
2151,fit
2152,fit
2153,fit
2154,fit
2155,fit
2157,fit
2158,fit
2159,fit
2160,fit
2161,fit
2162,fit
2163,fit
2165,fit
2166,fit
2169,fit
2170,fit
2171,fit
2172,fit
2173,fit
2175,fit
2176,fit
2177,fit
2178,fit
2179,fit
2180,fit
2181,fit
2182,fit
2183,fit
2184,fit
2186,fit
2187,fit
2188,fit
2190,fit
2191,fit
2192,fit
2193,fit
2196,fit
2198,fit
2201,fit
2202,fit
2203,fit
2205,fit
2206,fit
2207,fit
2208,fit
2209,fit
2210,fit
2211,fit
2212,fit
2213,fit
2214,fit
2215,fit
2218,fit
2219,fit
2223,fit
2224,fit
2225,fit
2227,fit
2228,fit
2229,fit
2232,fit
2234,fit
2,policy_validation
7,policy_validation
8,policy_validation
14,policy_validation
23,policy_validation
28,policy_validation
30,policy_validation
33,policy_validation
34,policy_validation
35,policy_validation
36,policy_validation
43,policy_validation
50,policy_validation
57,policy_validation
61,policy_validation
65,policy_validation
68,policy_validation
70,policy_validation
73,policy_validation
74,policy_validation
75,policy_validation
79,policy_validation
86,policy_validation
103,policy_validation
110,policy_validation
111,policy_validation
116,policy_validation
121,policy_validation
123,policy_validation
126,policy_validation
127,policy_validation
133,policy_validation
140,policy_validation
142,policy_validation
157,policy_validation
162,policy_validation
165,policy_validation
167,policy_validation
169,policy_validation
170,policy_validation
171,policy_validation
174,policy_validation
178,policy_validation
193,policy_validation
198,policy_validation
200,policy_validation
201,policy_validation
202,policy_validation
203,policy_validation
210,policy_validation
214,policy_validation
220,policy_validation
226,policy_validation
229,policy_validation
230,policy_validation
236,policy_validation
243,policy_validation
248,policy_validation
251,policy_validation
256,policy_validation
262,policy_validation
274,policy_validation
281,policy_validation
282,policy_validation
283,policy_validation
286,policy_validation
292,policy_validation
296,policy_validation
302,policy_validation
304,policy_validation
306,policy_validation
308,policy_validation
319,policy_validation
322,policy_validation
323,policy_validation
327,policy_validation
328,policy_validation
330,policy_validation
341,policy_validation
351,policy_validation
354,policy_validation
361,policy_validation
364,policy_validation
366,policy_validation
368,policy_validation
369,policy_validation
375,policy_validation
393,policy_validation
401,policy_validation
402,policy_validation
404,policy_validation
405,policy_validation
407,policy_validation
421,policy_validation
428,policy_validation
429,policy_validation
430,policy_validation
437,policy_validation
438,policy_validation
439,policy_validation
442,policy_validation
443,policy_validation
446,policy_validation
451,policy_validation
454,policy_validation
465,policy_validation
492,policy_validation
509,policy_validation
521,policy_validation
523,policy_validation
532,policy_validation
533,policy_validation
536,policy_validation
539,policy_validation
552,policy_validation
553,policy_validation
563,policy_validation
565,policy_validation
576,policy_validation
584,policy_validation
585,policy_validation
588,policy_validation
590,policy_validation
609,policy_validation
614,policy_validation
617,policy_validation
620,policy_validation
624,policy_validation
625,policy_validation
630,policy_validation
632,policy_validation
634,policy_validation
636,policy_validation
654,policy_validation
655,policy_validation
663,policy_validation
664,policy_validation
666,policy_validation
671,policy_validation
672,policy_validation
683,policy_validation
686,policy_validation
700,policy_validation
704,policy_validation
707,policy_validation
709,policy_validation
713,policy_validation
715,policy_validation
717,policy_validation
718,policy_validation
719,policy_validation
734,policy_validation
750,policy_validation
756,policy_validation
760,policy_validation
768,policy_validation
770,policy_validation
780,policy_validation
787,policy_validation
793,policy_validation
796,policy_validation
798,policy_validation
799,policy_validation
800,policy_validation
814,policy_validation
815,policy_validation
817,policy_validation
819,policy_validation
822,policy_validation
831,policy_validation
832,policy_validation
833,policy_validation
838,policy_validation
841,policy_validation
848,policy_validation
853,policy_validation
864,policy_validation
867,policy_validation
875,policy_validation
876,policy_validation
879,policy_validation
881,policy_validation
885,policy_validation
890,policy_validation
894,policy_validation
896,policy_validation
899,policy_validation
901,policy_validation
903,policy_validation
905,policy_validation
907,policy_validation
910,policy_validation
912,policy_validation
919,policy_validation
921,policy_validation
924,policy_validation
936,policy_validation
940,policy_validation
941,policy_validation
947,policy_validation
956,policy_validation
975,policy_validation
976,policy_validation
977,policy_validation
980,policy_validation
986,policy_validation
994,policy_validation
996,policy_validation
997,policy_validation
998,policy_validation
1006,policy_validation
1015,policy_validation
1036,policy_validation
1041,policy_validation
1043,policy_validation
1046,policy_validation
1052,policy_validation
1053,policy_validation
1054,policy_validation
1059,policy_validation
1061,policy_validation
1062,policy_validation
1070,policy_validation
1073,policy_validation
1080,policy_validation
1081,policy_validation
1085,policy_validation
1096,policy_validation
1099,policy_validation
1101,policy_validation
1102,policy_validation
1106,policy_validation
1113,policy_validation
1116,policy_validation
1122,policy_validation
1125,policy_validation
1132,policy_validation
1135,policy_validation
1140,policy_validation
1153,policy_validation
1154,policy_validation
1162,policy_validation
1163,policy_validation
1167,policy_validation
1169,policy_validation
1173,policy_validation
1176,policy_validation
1177,policy_validation
1196,policy_validation
1198,policy_validation
1199,policy_validation
1210,policy_validation
1213,policy_validation
1218,policy_validation
1225,policy_validation
1226,policy_validation
1227,policy_validation
1232,policy_validation
1235,policy_validation
1244,policy_validation
1247,policy_validation
1250,policy_validation
1258,policy_validation
1268,policy_validation
1272,policy_validation
1275,policy_validation
1278,policy_validation
1292,policy_validation
1293,policy_validation
1298,policy_validation
1304,policy_validation
1313,policy_validation
1316,policy_validation
1323,policy_validation
1326,policy_validation
1328,policy_validation
1332,policy_validation
1337,policy_validation
1342,policy_validation
1347,policy_validation
1349,policy_validation
1357,policy_validation
1363,policy_validation
1367,policy_validation
1375,policy_validation
1378,policy_validation
1379,policy_validation
1380,policy_validation
1391,policy_validation
1398,policy_validation
1403,policy_validation
1410,policy_validation
1412,policy_validation
1418,policy_validation
1422,policy_validation
1424,policy_validation
1430,policy_validation
1431,policy_validation
1437,policy_validation
1445,policy_validation
1446,policy_validation
1447,policy_validation
1449,policy_validation
1460,policy_validation
1467,policy_validation
1483,policy_validation
1491,policy_validation
1494,policy_validation
1500,policy_validation
1504,policy_validation
1509,policy_validation
1513,policy_validation
1532,policy_validation
1537,policy_validation
1553,policy_validation
1559,policy_validation
1563,policy_validation
1569,policy_validation
1578,policy_validation
1589,policy_validation
1599,policy_validation
1606,policy_validation
1610,policy_validation
1621,policy_validation
1624,policy_validation
1627,policy_validation
1632,policy_validation
1635,policy_validation
1639,policy_validation
1642,policy_validation
1643,policy_validation
1647,policy_validation
1648,policy_validation
1650,policy_validation
1652,policy_validation
1669,policy_validation
1671,policy_validation
1675,policy_validation
1681,policy_validation
1687,policy_validation
1695,policy_validation
1698,policy_validation
1705,policy_validation
1713,policy_validation
1714,policy_validation
1716,policy_validation
1720,policy_validation
1727,policy_validation
1735,policy_validation
1752,policy_validation
1754,policy_validation
1756,policy_validation
1763,policy_validation
1769,policy_validation
1778,policy_validation
1780,policy_validation
1781,policy_validation
1786,policy_validation
1789,policy_validation
1793,policy_validation
1794,policy_validation
1800,policy_validation
1804,policy_validation
1822,policy_validation
1823,policy_validation
1826,policy_validation
1833,policy_validation
1834,policy_validation
1843,policy_validation
1849,policy_validation
1850,policy_validation
1853,policy_validation
1881,policy_validation
1882,policy_validation
1883,policy_validation
1885,policy_validation
1889,policy_validation
1902,policy_validation
1906,policy_validation
1907,policy_validation
1927,policy_validation
1929,policy_validation
1934,policy_validation
1940,policy_validation
1943,policy_validation
1951,policy_validation
1965,policy_validation
1966,policy_validation
1969,policy_validation
1971,policy_validation
1973,policy_validation
1977,policy_validation
1979,policy_validation
1980,policy_validation
1989,policy_validation
1993,policy_validation
2002,policy_validation
2019,policy_validation
2023,policy_validation
2029,policy_validation
2047,policy_validation
2051,policy_validation
2059,policy_validation
2063,policy_validation
2068,policy_validation
2069,policy_validation
2070,policy_validation
2074,policy_validation
2087,policy_validation
2092,policy_validation
2100,policy_validation
2103,policy_validation
2127,policy_validation
2128,policy_validation
2132,policy_validation
2136,policy_validation
2137,policy_validation
2138,policy_validation
2156,policy_validation
2164,policy_validation
2167,policy_validation
2168,policy_validation
2174,policy_validation
2185,policy_validation
2189,policy_validation
2194,policy_validation
2195,policy_validation
2197,policy_validation
2199,policy_validation
2200,policy_validation
2204,policy_validation
2216,policy_validation
2217,policy_validation
2220,policy_validation
2221,policy_validation
2222,policy_validation
2226,policy_validation
2230,policy_validation
2231,policy_validation
2233,policy_validation
2235,policy_validation
